{"cameraMode":{"drawMode":0,"name":"Shaded","section":"Shading Mode"},"sceneLighting":true,"audioPlay":false,"sceneViewState":{"showFog":true,"showMaterialUpdate":true,"showSkybox":true,"showFlares":true,"showImageEffects":true,"showParticleSystems":true},"in2DMode":false,"pivot":{"x":552.73583984375,"y":-64.0127944946289,"z":87.14674377441406},"rotation":{"x":-0.07510335743427277,"y":-0.9009451866149902,"z":0.17317451536655427,"w":-0.3907264471054077},"size":272.5259704589844,"orthographic":false}