{"cameraMode":{"drawMode":0,"name":"Shaded","section":"Shading Mode"},"sceneLighting":true,"audioPlay":false,"sceneViewState":{"showFog":true,"showMaterialUpdate":true,"showSkybox":false,"showFlares":true,"showImageEffects":true,"showParticleSystems":true},"in2DMode":false,"pivot":{"x":-154.51318359375,"y":104.92002868652344,"z":-67.17143249511719},"rotation":{"x":-0.051364485174417499,"y":0.35119009017944338,"z":-0.01929919421672821,"w":-0.9346957802772522},"size":4.950107097625732,"orthographic":false}