{"cameraMode":{"drawMode":0,"name":"Shaded","section":"Shading Mode"},"sceneLighting":false,"audioPlay":false,"sceneViewState":{"showFog":true,"showMaterialUpdate":true,"showSkybox":false,"showFlares":true,"showImageEffects":true,"showParticleSystems":true},"in2DMode":false,"pivot":{"x":0.20117425918579102,"y":3.734724521636963,"z":0.02193474769592285},"rotation":{"x":-0.3271457254886627,"y":0.6002703905105591,"z":-0.29396921396255495,"w":-0.6680096387863159},"size":4.86926794052124,"orthographic":false}