{"cameraMode":{"drawMode":0,"name":"Shaded","section":"Shading Mode"},"sceneLighting":true,"audioPlay":false,"sceneViewState":{"showFog":true,"showMaterialUpdate":true,"showSkybox":true,"showFlares":true,"showImageEffects":true,"showParticleSystems":true},"in2DMode":false,"pivot":{"x":328.725341796875,"y":136.2441864013672,"z":304.0621337890625},"rotation":{"x":-0.49970030784606936,"y":-0.47839611768722536,"z":0.603967010974884,"w":-0.395805299282074},"size":94.998291015625,"orthographic":true}