{"cameraMode":{"drawMode":0,"name":"Shaded","section":"Shading Mode"},"sceneLighting":false,"audioPlay":false,"sceneViewState":{"showFog":true,"showMaterialUpdate":true,"showSkybox":false,"showFlares":true,"showImageEffects":true,"showParticleSystems":true},"in2DMode":false,"pivot":{"x":0.3090779781341553,"y":5.969118118286133,"z":0.035443782806396487},"rotation":{"x":-0.3271457254886627,"y":0.6002703905105591,"z":-0.29396921396255495,"w":-0.6680096387863159},"size":7.814459800720215,"orthographic":false}