{"cameraMode":{"drawMode":0,"name":"Shaded","section":"Shading Mode"},"sceneLighting":true,"audioPlay":false,"sceneViewState":{"showFog":true,"showMaterialUpdate":true,"showSkybox":true,"showFlares":true,"showImageEffects":true,"showParticleSystems":true},"in2DMode":false,"pivot":{"x":392.302734375,"y":238.34458923339845,"z":-238.19058227539063},"rotation":{"x":0.10897787660360336,"y":0.07295625656843186,"z":-0.008024199865758419,"w":0.9913356900215149},"size":339.9933776855469,"orthographic":true}