{"cameraMode":{"drawMode":0,"name":"Shaded","section":"Shading Mode"},"sceneLighting":true,"audioPlay":false,"sceneViewState":{"showFog":true,"showMaterialUpdate":true,"showSkybox":true,"showFlares":true,"showImageEffects":true,"showParticleSystems":true},"in2DMode":false,"pivot":{"x":337.61529541015627,"y":56.52958679199219,"z":273.6460876464844},"rotation":{"x":0.16199584305286408,"y":-0.7389922738075256,"z":0.19144368171691895,"w":0.6253015995025635},"size":3.7747232913970949,"orthographic":false}