{"cameraMode":{"drawMode":0,"name":"Shaded","section":"Shading Mode"},"sceneLighting":true,"audioPlay":false,"sceneViewState":{"showFog":true,"showMaterialUpdate":true,"showSkybox":true,"showFlares":true,"showImageEffects":true,"showParticleSystems":true},"in2DMode":false,"pivot":{"x":340.1283874511719,"y":53.36704635620117,"z":269.2846984863281},"rotation":{"x":0.16199584305286408,"y":-0.7389922738075256,"z":0.19144368171691895,"w":0.6253015995025635},"size":5.89357328414917,"orthographic":false}