{"cameraMode":{"drawMode":0,"name":"Shaded","section":"Shading Mode"},"sceneLighting":true,"audioPlay":false,"sceneViewState":{"showFog":true,"showMaterialUpdate":true,"showSkybox":true,"showFlares":true,"showImageEffects":true,"showParticleSystems":true},"in2DMode":false,"pivot":{"x":392.302734375,"y":238.34458923339845,"z":-238.19058227539063},"rotation":{"x":0.04197877272963524,"y":0.001460471423342824,"z":-0.00006513667904073372,"w":0.9991210699081421},"size":239.17898559570313,"orthographic":true}