{"cameraMode":{"drawMode":0,"name":"Shaded","section":"Shading Mode"},"sceneLighting":true,"audioPlay":false,"sceneViewState":{"showFog":true,"showMaterialUpdate":false,"showSkybox":true,"showFlares":true,"showImageEffects":true,"showParticleSystems":true},"in2DMode":false,"pivot":{"x":451.63909912109377,"y":214.12893676757813,"z":-83.35628509521485},"rotation":{"x":-0.009296969510614872,"y":-0.0518776960670948,"z":0.00048240271280519664,"w":-0.9986127018928528},"size":170.80467224121095,"orthographic":true}